frame_index,rgb_frame_number,rgb_timestamp_ms,depth_frame_number,depth_timestamp_ms,rgb_width,rgb_height,depth_width,depth_height,record_elapsed_ms
0,4,1789724677323.368164,2,1789724676808.954834,640,480,640,480,647.493854
1,5,1789724677390.761230,0,1789724677390.710938,640,480,640,480,700.106302
2,6,1789724677457.608154,1,1789724677457.559326,640,480,640,480,765.218802
3,7,1789724677523.983398,2,1789724677523.934814,640,480,640,480,831.684531
4,8,1789724677589.767334,3,1789724677589.719238,640,480,640,480,898.672292
5,9,1789724677655.006348,4,1789724677654.958496,640,480,640,480,965.592656
6,10,1789724677721.183838,4,1789724677654.958496,640,480,640,480,1045.366719
7,11,1789724677786.998291,6,1789724677786.950195,640,480,640,480,1098.949844
8,12,1789724677852.523193,7,1789724677852.475342,640,480,640,480,1165.328906
9,13,1789724677917.685303,8,1789724677917.636719,640,480,640,480,1232.320312
10,14,1789724677982.483398,9,1789724677982.435303,640,480,640,480,1299.180208
11,15,1789724678048.038330,10,1789724678047.990234,640,480,640,480,1365.325677
12,16,1789724678113.229980,11,1789724678113.182129,640,480,640,480,1432.360937
13,17,1789724678178.148193,12,1789724678178.100342,640,480,640,480,1498.784739
14,18,1789724678243.046143,13,1789724678242.998535,640,480,640,480,1566.609010
15,19,1789724678307.686768,14,1789724678307.638672,640,480,640,480,1632.214583
16,20,1789724678373.131836,15,1789724678373.083740,640,480,640,480,1698.949947
17,21,1789724678438.411377,16,1789724678438.362305,640,480,640,480,1766.638229
18,22,1789724678503.612061,17,1789724678503.564209,640,480,640,480,1833.151250
19,23,1789724678568.645752,18,1789724678568.597900,640,480,640,480,1899.891458
20,24,1789724678633.512207,19,1789724678633.464600,640,480,640,480,1966.197760
21,25,1789724678698.211670,20,1789724678698.164062,640,480,640,480,2033.047916
22,26,1789724678762.743896,21,1789724678762.696533,640,480,640,480,2099.896927
23,27,1789724678827.108887,22,1789724678827.061768,640,480,640,480,2166.327291
24,28,1789724678891.306885,23,1789724678891.259766,640,480,640,480,2233.680572
25,29,1789724678955.338623,24,1789724678955.290771,640,480,640,480,2299.658593
26,30,1789724679019.202393,25,1789724679019.155518,640,480,640,480,2366.384947
27,31,1789724679082.898926,26,1789724679082.852295,640,480,640,480,2433.420676
28,32,1789724679146.428467,27,1789724679146.381836,640,480,640,480,2499.944478
29,33,1789724679209.790771,28,1789724679209.744141,640,480,640,480,2566.624322
30,34,1789724679272.985840,29,1789724679272.939453,640,480,640,480,2633.830416
31,35,1789724679336.013916,30,1789724679335.967773,640,480,640,480,2701.595624
32,36,1789724679398.925293,31,1789724679398.876465,640,480,640,480,2767.752916
33,37,1789724679465.096924,32,1789724679465.047363,640,480,640,480,2834.704010
34,38,1789724679531.253174,33,1789724679531.204590,640,480,640,480,2900.984478
35,39,1789724679597.394775,34,1789724679597.346191,640,480,640,480,2967.983801
36,40,1789724679663.521973,35,1789724679663.473389,640,480,640,480,3034.125207
37,41,1789724679729.634521,36,1789724679729.585938,640,480,640,480,3098.608072
38,42,1789724679795.732666,37,1789724679795.684082,640,480,640,480,3168.334739
39,43,1789724679861.816162,38,1789724679861.767578,640,480,640,480,3234.573905
40,44,1789724679927.885254,39,1789724679927.836670,640,480,640,480,3302.261822
41,45,1789724679993.940918,40,1789724679993.891357,640,480,640,480,3368.684218
42,46,1789724680059.980713,41,1789724680059.932373,640,480,640,480,3434.734478
43,47,1789724680126.006348,42,1789724680125.957764,640,480,640,480,3501.017447
44,48,1789724680192.017334,43,1789724680191.968750,640,480,640,480,3568.525832
45,49,1789724680258.013672,44,1789724680257.965332,640,480,640,480,3634.648957
46,50,1789724680323.995605,45,1789724680323.947266,640,480,640,480,3701.566405
47,51,1789724680389.967529,46,1789724680389.919189,640,480,640,480,3767.789218
48,52,1789724680455.886963,47,1789724680455.838379,640,480,640,480,3834.620936
49,53,1789724680521.781738,48,1789724680521.732422,640,480,640,480,3901.235936
50,54,1789724680587.650146,49,1789724680587.601807,640,480,640,480,3968.411457
51,55,1789724680653.493164,50,1789724680653.444824,640,480,640,480,4034.354947
52,56,1789724680719.310547,51,1789724680719.262207,640,480,640,480,4101.410780
53,57,1789724680785.102783,52,1789724680785.054443,640,480,640,480,4168.836301
54,58,1789724680850.869385,53,1789724680850.821045,640,480,640,480,4234.955884
55,59,1789724680916.610596,54,1789724680916.562500,640,480,640,480,4301.622186
56,60,1789724680982.326416,55,1789724680982.278320,640,480,640,480,4368.547290
57,61,1789724681048.017822,56,1789724681047.968750,640,480,640,480,4434.949269
58,62,1789724681113.682861,57,1789724681113.634766,640,480,640,480,4502.174113
59,63,1789724681179.322510,58,1789724681179.274170,640,480,640,480,4568.639113
60,64,1789724681244.936523,59,1789724681244.888428,640,480,640,480,4631.944009
61,65,1789724681310.525146,60,1789724681310.477051,640,480,640,480,4701.036301
62,66,1789724681376.096436,61,1789724681376.047607,640,480,640,480,4769.091405
63,67,1789724681442.610840,62,1789724681442.562012,640,480,640,480,4834.919009
64,68,1789724681509.136719,63,1789724681509.087891,640,480,640,480,4901.599530
65,69,1789724681575.675781,64,1789724681575.625732,640,480,640,480,4970.564686
66,70,1789724681642.225342,65,1789724681642.176514,640,480,640,480,5035.532030
67,71,1789724681708.786865,66,1789724681708.738037,640,480,640,480,5102.636925
68,72,1789724681775.360352,67,1789724681775.311523,640,480,640,480,5168.874321
69,73,1789724681841.945557,68,1789724681841.896484,640,480,640,480,5235.338279
70,74,1789724681908.542480,69,1789724681908.493652,640,480,640,480,5302.515415
71,75,1789724681975.151367,70,1789724681975.102295,640,480,640,480,5368.701769
72,76,1789724682041.771973,71,1789724682041.723145,640,480,640,480,5435.613019
73,77,1789724682108.405518,72,1789724682108.355469,640,480,640,480,5503.580311
74,78,1789724682175.049805,73,1789724682175.000732,640,480,640,480,5569.120884
75,79,1789724682241.705811,74,1789724682241.656982,640,480,640,480,5636.165623
76,80,1789724682308.373779,75,1789724682308.324951,640,480,640,480,5703.130936
77,81,1789724682375.047363,76,1789724682374.998291,640,480,640,480,5768.886925
78,82,1789724682441.971680,77,1789724682441.922607,640,480,640,480,5835.750206
79,83,1789724682508.921143,78,1789724682508.871826,640,480,640,480,5902.882915
80,84,1789724682575.895264,79,1789724682575.846191,640,480,640,480,5969.151040
81,85,1789724682642.895508,80,1789724682642.845459,640,480,640,480,6036.668071
82,86,1789724682709.919678,81,1789724682709.870605,640,480,640,480,6102.651404
83,87,1789724682776.968994,82,1789724682776.919678,640,480,640,480,6169.218540
84,88,1789724682844.043213,83,1789724682843.993896,640,480,640,480,6236.088696
85,89,1789724682911.142334,84,1789724682911.093018,640,480,640,480,6303.041508
86,90,1789724682978.266357,85,1789724682978.217041,640,480,640,480,6369.464321
87,91,1789724683045.415283,86,1789724683045.365967,640,480,640,480,6437.012862
88,92,1789724683112.589355,87,1789724683112.540039,640,480,640,480,6502.833487
89,93,1789724683179.789551,88,1789724683179.739014,640,480,640,480,6570.307758
90,94,1789724683247.013428,89,1789724683246.964111,640,480,640,480,6636.921196
91,95,1789724683314.262451,90,1789724683314.212891,640,480,640,480,6704.297081
92,96,1789724683381.524170,91,1789724683381.475098,640,480,640,480,6771.056039
93,97,1789724683448.382812,92,1789724683448.333740,640,480,640,480,6836.647706
94,98,1789724683515.256348,93,1789724683515.207275,640,480,640,480,6903.969164
95,99,1789724683582.144775,93,1789724683515.207275,640,480,640,480,6984.390623
96,100,1789724683649.048096,95,1789724683648.998779,640,480,640,480,7037.204268
97,101,1789724683715.967041,96,1789724683715.916992,640,480,640,480,7103.695675
98,102,1789724683782.900146,97,1789724683782.851074,640,480,640,480,7170.869008
99,103,1789724683849.848145,98,1789724683849.799072,640,480,640,480,7237.070258
100,104,1789724683916.811035,99,1789724683916.761963,640,480,640,480,7304.553331
101,105,1789724683983.788818,100,1789724683983.739746,640,480,640,480,7370.011195
102,106,1789724684050.781494,101,1789724684050.732178,640,480,640,480,7437.120362
103,107,1789724684117.789062,102,1789724684117.739746,640,480,640,480,7504.781924
104,108,1789724684184.811523,103,1789724684184.762207,640,480,640,480,7570.694320
105,109,1789724684251.849854,104,1789724684251.799561,640,480,640,480,7637.557497
106,110,1789724684318.902100,105,1789724684318.852783,640,480,640,480,7705.336195
107,111,1789724684385.961426,106,1789724684385.912354,640,480,640,480,7771.136508
108,112,1789724684452.733154,107,1789724684452.684082,640,480,640,480,7838.665935
109,113,1789724684519.512695,108,1789724684519.463623,640,480,640,480,7904.547810
110,114,1789724684586.300293,109,1789724684586.251221,640,480,640,480,7971.153435
111,115,1789724684653.095947,110,1789724684653.046875,640,480,640,480,8038.081039
112,116,1789724684719.899414,111,1789724684719.850342,640,480,640,480,8105.016351
113,117,1789724684786.712158,112,1789724684786.661865,640,480,640,480,8171.456403
114,118,1789724684853.531494,113,1789724684853.482422,640,480,640,480,8239.593643
115,119,1789724684920.359131,114,1789724684920.310059,640,480,640,480,8304.062237
116,120,1789724684987.194580,115,1789724684987.145508,640,480,640,480,8371.868330
117,121,1789724685054.038086,116,1789724685053.989014,640,480,640,480,8438.498330
118,122,1789724685120.889648,117,1789724685120.840576,640,480,640,480,8505.334580
119,123,1789724685187.749023,118,1789724685187.699951,640,480,640,480,8571.768851
120,124,1789724685254.616455,119,1789724685254.567383,640,480,640,480,8638.402862
121,125,1789724685321.492920,120,1789724685321.442871,640,480,640,480,8705.128486
122,126,1789724685388.372070,121,1789724685388.322998,640,480,640,480,8771.972549
123,127,1789724685455.018799,122,1789724685454.969727,640,480,640,480,8838.328539
124,128,1789724685521.665527,123,1789724685521.616699,640,480,640,480,8905.093851
125,129,1789724685588.312500,124,1789724685588.263428,640,480,640,480,8971.798903
126,130,1789724685654.959229,125,1789724685654.910400,640,480,640,480,9038.607236
127,131,1789724685721.606201,126,1789724685721.557373,640,480,640,480,9104.626195
128,132,1789724685788.253418,127,1789724685788.204346,640,480,640,480,9172.625049
129,133,1789724685854.901367,128,1789724685854.851318,640,480,640,480,9238.746195
130,134,1789724685921.548584,129,1789724685921.499512,640,480,640,480,9305.802705
131,135,1789724685988.195557,130,1789724685988.146729,640,480,640,480,9372.659320
132,136,1789724686054.842773,131,1789724686054.793945,640,480,640,480,9439.006820
133,137,1789724686121.490234,132,1789724686121.441162,640,480,640,480,9505.858070
134,138,1789724686188.137451,133,1789724686188.088623,640,480,640,480,9572.414528
135,139,1789724686254.784912,134,1789724686254.735840,640,480,640,480,9640.225153
136,140,1789724686321.432373,135,1789724686321.383301,640,480,640,480,9705.314788
137,141,1789724686388.079590,136,1789724686388.029785,640,480,640,480,9769.298746
138,142,1789724686454.724365,137,1789724686454.675537,640,480,640,480,9838.407444
139,143,1789724686521.368896,138,1789724686521.320068,640,480,640,480,9905.895830
140,144,1789724686588.013428,139,1789724686587.964355,640,480,640,480,9973.121611
141,145,1789724686654.657715,140,1789724686654.608643,640,480,640,480,10039.516038
142,146,1789724686721.301758,141,1789724686721.252930,640,480,640,480,10105.936559
143,147,1789724686787.945801,142,1789724686787.896973,640,480,640,480,10173.344840
144,148,1789724686854.589600,143,1789724686854.540771,640,480,640,480,10239.463069
145,149,1789724686921.234375,144,1789724686921.184570,640,480,640,480,10305.982809
146,150,1789724686987.877930,145,1789724686987.829102,640,480,640,480,10372.456819
147,151,1789724687054.521484,146,1789724687054.472412,640,480,640,480,10439.555673
148,152,1789724687121.164551,147,1789724687121.115723,640,480,640,480,10506.015621
149,153,1789724687187.807861,148,1789724687187.758789,640,480,640,480,10573.347392
150,154,1789724687254.450684,149,1789724687254.401855,640,480,640,480,10640.626663
151,155,1789724687321.093506,150,1789724687321.044678,640,480,640,480,10707.039527
152,156,1789724687387.735107,151,1789724687387.686279,640,480,640,480,10773.510413
153,157,1789724687454.392090,152,1789724687454.342041,640,480,640,480,10840.166871
154,158,1789724687521.047852,153,1789724687520.998779,640,480,640,480,10905.908173
155,159,1789724687587.703369,154,1789724687587.654541,640,480,640,480,10973.201298
156,160,1789724687654.359131,155,1789724687654.310059,640,480,640,480,11040.357861
157,161,1789724687721.014648,156,1789724687720.965820,640,480,640,480,11106.889163
158,162,1789724687787.670166,157,1789724687787.621338,640,480,640,480,11173.693433
159,163,1789724687854.325684,158,1789724687854.276611,640,480,640,480,11240.256246
160,164,1789724687920.980957,159,1789724687920.932129,640,480,640,480,11305.199058
161,165,1789724687987.637207,160,1789724687987.587402,640,480,640,480,11374.230777
162,166,1789724688054.292480,161,1789724688054.243408,640,480,640,480,11440.337183
163,167,1789724688120.947510,162,1789724688120.898682,640,480,640,480,11508.062912
164,168,1789724688187.602783,163,1789724688187.553711,640,480,640,480,11574.683433
165,169,1789724688254.257812,164,1789724688254.208740,640,480,640,480,11641.228642
166,170,1789724688320.912598,165,1789724688320.863770,640,480,640,480,11707.174319
167,171,1789724688387.566406,166,1789724688387.517334,640,480,640,480,11773.853902
168,172,1789724688454.476074,167,1789724688454.427002,640,480,640,480,11842.465204
169,173,1789724688521.395752,168,1789724688521.345703,640,480,640,480,11908.656714
170,174,1789724688588.323486,169,1789724688588.274414,640,480,640,480,11974.063537
171,175,1789724688655.260254,169,1789724688588.274414,640,480,640,480,12054.832912
172,176,1789724688722.206055,171,1789724688722.156982,640,480,640,480,12110.070360
173,177,1789724688789.160889,172,1789724688789.111816,640,480,640,480,12174.326037
174,178,1789724688856.124756,173,1789724688856.075439,640,480,640,480,12241.355048
175,179,1789724688923.097656,174,1789724688923.048340,640,480,640,480,12308.581037
176,180,1789724688990.079590,175,1789724688990.030273,640,480,640,480,12375.467756
177,181,1789724689057.071533,176,1789724689057.021240,640,480,640,480,12441.909683
178,182,1789724689124.071533,177,1789724689124.022461,640,480,640,480,12508.190725
179,183,1789724689191.080566,178,1789724689191.031494,640,480,640,480,12576.526714
180,184,1789724689258.098633,179,1789724689258.049561,640,480,640,480,12642.744162
181,185,1789724689325.125732,180,1789724689325.076660,640,480,640,480,12711.544787
182,186,1789724689392.156250,181,1789724689392.107178,640,480,640,480,12775.494110
183,187,1789724689458.829102,182,1789724689458.780273,640,480,640,480,12843.544527
184,188,1789724689525.501709,183,1789724689525.452637,640,480,640,480,12908.964631
185,189,1789724689592.174805,184,1789724689592.124756,640,480,640,480,12977.280464
186,190,1789724689658.846436,185,1789724689658.797363,640,480,640,480,13042.440412
187,191,1789724689725.517578,186,1789724689725.468750,640,480,640,480,13108.029631
188,192,1789724689792.188477,187,1789724689792.139404,640,480,640,480,13175.729526
189,193,1789724689858.858643,188,1789724689858.809814,640,480,640,480,13242.874162
190,194,1789724689925.528564,189,1789724689925.479736,640,480,640,480,13309.349370
191,195,1789724689992.197998,190,1789724689992.149170,640,480,640,480,13375.903953
192,196,1789724690058.866943,191,1789724690058.818115,640,480,640,480,13443.016558
193,197,1789724690125.536621,192,1789724690125.486572,640,480,640,480,13509.195516
194,198,1789724690192.204590,193,1789724690192.155762,640,480,640,480,13576.059422
195,199,1789724690258.872314,194,1789724690258.823486,640,480,640,480,13642.833589
196,200,1789724690325.539551,195,1789724690325.490723,640,480,640,480,13709.334370
197,201,1789724690392.206055,196,1789724690392.156982,640,480,640,480,13775.910620
198,202,1789724690459.051514,197,1789724690459.002441,640,480,640,480,13842.625672
199,203,1789724690525.901611,198,1789724690525.852539,640,480,640,480,13909.601870
200,204,1789724690592.757080,199,1789724690592.707764,640,480,640,480,13976.089109
201,205,1789724690659.618164,200,1789724690659.568115,640,480,640,480,14042.403172
202,206,1789724690726.483154,201,1789724690726.434082,640,480,640,480,14109.708641
203,207,1789724690793.353271,202,1789724690793.304199,640,480,640,480,14176.440880
204,208,1789724690860.228271,203,1789724690860.179199,640,480,640,480,14243.701297
205,209,1789724690927.108154,204,1789724690927.059082,640,480,640,480,14308.804682
206,210,1789724690993.993164,205,1789724690993.944092,640,480,640,480,14376.814578
207,211,1789724691060.883057,206,1789724691060.833740,640,480,640,480,14443.049891
208,212,1789724691127.777588,207,1789724691127.728516,640,480,640,480,14509.784786
209,213,1789724691194.678467,208,1789724691194.628174,640,480,640,480,14577.056609
210,214,1789724691261.583008,209,1789724691261.533936,640,480,640,480,14643.999265
211,215,1789724691328.492432,210,1789724691328.443359,640,480,640,480,14709.971297
212,216,1789724691395.403564,211,1789724691395.354492,640,480,640,480,14776.840307
213,217,1789724691462.084229,212,1789724691462.035156,640,480,640,480,14842.568901
214,218,1789724691528.764404,213,1789724691528.715332,640,480,640,480,14907.720359
215,219,1789724691595.444092,214,1789724691595.395020,640,480,640,480,14976.500255
216,220,1789724691662.123047,215,1789724691662.073975,640,480,640,480,15043.593432
217,221,1789724691728.802490,216,1789724691728.752686,640,480,640,480,15110.148380
218,222,1789724691795.480469,217,1789724691795.431641,640,480,640,480,15176.682182
219,223,1789724691862.157959,218,1789724691862.108887,640,480,640,480,15244.018953
220,224,1789724691928.834717,219,1789724691928.785889,640,480,640,480,15310.509786
221,225,1789724691995.511230,220,1789724691995.462158,640,480,640,480,15377.095359
222,226,1789724692062.187012,221,1789724692062.137939,640,480,640,480,15444.694526
223,227,1789724692128.862305,222,1789724692128.813232,640,480,640,480,15510.982546
224,228,1789724692195.536865,223,1789724692195.488037,640,480,640,480,15576.671817
225,229,1789724692262.212158,224,1789724692262.162109,640,480,640,480,15644.247598
226,230,1789724692328.885742,225,1789724692328.836670,640,480,640,480,15710.489942
227,231,1789724692395.558594,226,1789724692395.509521,640,480,640,480,15777.515567
228,232,1789724692462.233154,227,1789724692462.184326,640,480,640,480,15844.137234
229,233,1789724692528.907227,228,1789724692528.858154,640,480,640,480,15910.686973
230,234,1789724692595.580322,229,1789724692595.531494,640,480,640,480,15977.168900
231,235,1789724692662.252930,230,1789724692662.204102,640,480,640,480,16044.031921
232,236,1789724692728.924805,231,1789724692728.875732,640,480,640,480,16111.682025
233,237,1789724692795.596924,232,1789724692795.546875,640,480,640,480,16179.140359
234,238,1789724692862.267334,233,1789724692862.218262,640,480,640,480,16245.665984
235,239,1789724692928.937012,234,1789724692928.888184,640,480,640,480,16311.173015
236,240,1789724692995.605957,235,1789724692995.557129,640,480,640,480,16378.210411
237,241,1789724693062.274414,236,1789724693062.225342,640,480,640,480,16444.763640
238,242,1789724693128.941895,237,1789724693128.893066,640,480,640,480,16511.907859
239,243,1789724693195.608887,238,1789724693195.559814,640,480,640,480,16578.354681
240,244,1789724693262.275146,239,1789724693262.226074,640,480,640,480,16644.667442
241,245,1789724693328.941406,240,1789724693328.891602,640,480,640,480,16712.181765
242,246,1789724693395.606445,241,1789724693395.557129,640,480,640,480,16778.133119
243,247,1789724693462.627197,242,1789724693462.577881,640,480,640,480,16845.230619
244,248,1789724693529.656982,243,1789724693529.607666,640,480,640,480,16912.217442
245,249,1789724693596.695801,244,1789724693596.646729,640,480,640,480,16978.901400
246,250,1789724693663.743896,245,1789724693663.694580,640,480,640,480,17046.226869
247,251,1789724693730.800781,245,1789724693663.694580,640,480,640,480,17126.236348
248,252,1789724693797.866943,247,1789724693797.817871,640,480,640,480,17180.324004
249,253,1789724693864.943359,248,1789724693864.893066,640,480,640,480,17246.967806
250,254,1789724693932.027588,249,1789724693931.978271,640,480,640,480,17311.183171
251,255,1789724693999.120850,250,1789724693999.071777,640,480,640,480,17378.802650
252,256,1789724694066.223389,251,1789724694066.174072,640,480,640,480,17446.586764
253,257,1789724694133.334961,252,1789724694133.285645,640,480,640,480,17514.641452
254,258,1789724694200.455566,253,1789724694200.406250,640,480,640,480,17579.709421
255,259,1789724694267.585205,254,1789724694267.535889,640,480,640,480,17645.995827
256,260,1789724694334.724121,255,1789724694334.674805,640,480,640,480,17714.177806
257,261,1789724694401.866943,256,1789724694401.816895,640,480,640,480,17779.423848
258,262,1789724694468.583008,257,1789724694468.533936,640,480,640,480,17847.787441
259,263,1789724694535.299072,258,1789724694535.250000,640,480,640,480,17912.445410
260,264,1789724694602.014893,259,1789724694601.966064,640,480,640,480,17979.937077
261,265,1789724694668.730957,260,1789724694668.681885,640,480,640,480,18046.558275
262,266,1789724694735.446777,261,1789724694735.397705,640,480,640,480,18112.858691
263,267,1789724694802.162354,262,1789724694802.113525,640,480,640,480,18179.641556
264,268,1789724694868.878174,263,1789724694868.829102,640,480,640,480,18246.345097
265,269,1789724694935.594727,264,1789724694935.544678,640,480,640,480,18313.322493
266,270,1789724695002.310059,265,1789724695002.260986,640,480,640,480,18379.503535
267,271,1789724695069.025391,266,1789724695068.976562,640,480,640,480,18446.424681
268,272,1789724695135.740723,267,1789724695135.691895,640,480,640,480,18513.462597
269,273,1789724695202.456055,268,1789724695202.406982,640,480,640,480,18580.337024
270,274,1789724695269.171143,269,1789724695269.122314,640,480,640,480,18647.278379
271,275,1789724695335.886230,270,1789724695335.837402,640,480,640,480,18713.775410
272,276,1789724695402.601318,271,1789724695402.552490,640,480,640,480,18780.872233
273,277,1789724695469.318359,272,1789724695469.268311,640,480,640,480,18845.767910
274,278,1789724695536.034424,273,1789724695535.985352,640,480,640,480,18913.818587
275,279,1789724695602.750244,274,1789724695602.701172,640,480,640,480,18980.555045
276,280,1789724695669.466064,275,1789724695669.416992,640,480,640,480,19046.957962
277,281,1789724695736.181885,276,1789724695736.132812,640,480,640,480,19113.878170
278,282,1789724695802.897461,277,1789724695802.848389,640,480,640,480,19180.873535
279,283,1789724695869.613281,278,1789724695869.564209,640,480,640,480,19246.962337
280,284,1789724695936.328857,279,1789724695936.279785,640,480,640,480,19313.716139
281,285,1789724696003.045410,280,1789724696002.995361,640,480,640,480,19380.162649
282,286,1789724696069.760986,281,1789724696069.711914,640,480,640,480,19447.144055
283,287,1789724696136.476318,282,1789724696136.427490,640,480,640,480,19511.700201
284,288,1789724696203.191895,283,1789724696203.142822,640,480,640,480,19582.536816
285,289,1789724696269.907227,284,1789724696269.858154,640,480,640,480,19646.670357
286,290,1789724696336.622559,285,1789724696336.573486,640,480,640,480,19713.847753
287,291,1789724696403.337891,286,1789724696403.288818,640,480,640,480,19780.996816
288,292,1789724696470.053711,287,1789724696470.004639,640,480,640,480,19847.309003
289,293,1789724696536.770264,288,1789724696536.720215,640,480,640,480,19914.849107
290,294,1789724696603.485840,289,1789724696603.437012,640,480,640,480,19979.465513
291,295,1789724696670.201416,290,1789724696670.152588,640,480,640,480,20044.911972
292,296,1789724696736.916992,291,1789724696736.867920,640,480,640,480,20113.820878
293,297,1789724696803.632324,292,1789724696803.583496,640,480,640,480,20180.770045
294,298,1789724696870.347656,293,1789724696870.298828,640,480,640,480,20247.397284
295,299,1789724696937.062988,294,1789724696937.013916,640,480,640,480,20314.471763
296,300,1789724697003.778320,295,1789724697003.729248,640,480,640,480,20380.776659
297,301,1789724697070.494385,296,1789724697070.444336,640,480,640,480,20448.114003
298,302,1789724697137.209473,297,1789724697137.160645,640,480,640,480,20514.621919
299,303,1789724697203.924561,298,1789724697203.875488,640,480,640,480,20580.993274
300,304,1789724697270.639648,299,1789724697270.590576,640,480,640,480,20647.899211
301,305,1789724697337.354492,300,1789724697337.305420,640,480,640,480,20714.266086
302,306,1789724697404.069336,301,1789724697404.020508,640,480,640,480,20781.774992
303,307,1789724697471.550293,302,1789724697471.500732,640,480,640,480,20848.534367
304,308,1789724697539.041016,303,1789724697538.991455,640,480,640,480,20914.752232
305,309,1789724697606.542480,304,1789724697606.491943,640,480,640,480,20981.519315
306,310,1789724697674.052734,305,1789724697674.003174,640,480,640,480,21048.725773
307,311,1789724697741.572754,306,1789724697741.523193,640,480,640,480,21114.999367
308,312,1789724697809.102539,307,1789724697809.052979,640,480,640,480,21181.789003
309,313,1789724697876.642090,308,1789724697876.592285,640,480,640,480,21248.652075
310,314,1789724697944.191162,309,1789724697944.141602,640,480,640,480,21315.667544
311,315,1789724698011.750244,310,1789724698011.700684,640,480,640,480,21381.645721
312,316,1789724698079.318848,311,1789724698079.269287,640,480,640,480,21448.641294
313,317,1789724698146.898438,312,1789724698146.847900,640,480,640,480,21514.913482
314,318,1789724698214.486572,313,1789724698214.437012,640,480,640,480,21582.234940
315,319,1789724698282.084717,314,1789724698282.035156,640,480,640,480,21648.739002
316,320,1789724698349.692383,315,1789724698349.642822,640,480,640,480,21715.564054
317,321,1789724698417.299072,316,1789724698417.250000,640,480,640,480,21782.023117
318,322,1789724698483.944336,317,1789724698483.895508,640,480,640,480,21848.566346
319,323,1789724698550.588379,318,1789724698550.539307,640,480,640,480,21915.443742
320,324,1789724698617.230957,319,1789724698617.181885,640,480,640,480,21983.501086
321,325,1789724698683.873291,320,1789724698683.823242,640,480,640,480,22050.519158
322,326,1789724698750.513184,321,1789724698750.464111,640,480,640,480,22117.050825
323,327,1789724698817.151855,322,1789724698817.102783,640,480,640,480,22183.105252
324,328,1789724698883.789062,323,1789724698883.739990,640,480,640,480,22251.293065
325,329,1789724698950.425049,324,1789724698950.375977,640,480,640,480,22316.423325
326,330,1789724699017.059570,325,1789724699017.010742,640,480,640,480,22384.656085
327,331,1789724699083.692871,326,1789724699083.643799,640,480,640,480,22449.621867
328,332,1789724699150.324707,327,1789724699150.275879,640,480,640,480,22517.336606
329,333,1789724699216.956299,328,1789724699216.906494,640,480,640,480,22583.289158
330,334,1789724699283.585693,329,1789724699283.536621,640,480,640,480,22650.745981
331,335,1789724699350.213623,330,1789724699350.164551,640,480,640,480,22717.055669
332,336,1789724699416.842285,331,1789724699416.793213,640,480,640,480,22783.452075
333,337,1789724699483.483643,332,1789724699483.434814,640,480,640,480,22850.029575
334,338,1789724699550.123779,333,1789724699550.074951,640,480,640,480,22916.471658
335,339,1789724699616.762695,334,1789724699616.713623,640,480,640,480,22983.477127
336,340,1789724699683.399902,335,1789724699683.351074,640,480,640,480,23049.937179
337,341,1789724699750.037109,336,1789724699749.987061,640,480,640,480,23117.207179
338,342,1789724699816.671631,337,1789724699816.622803,640,480,640,480,23183.663585
339,343,1789724699883.304932,338,1789724699883.256104,640,480,640,480,23250.163846
340,344,1789724699949.936768,339,1789724699949.887939,640,480,640,480,23319.680252
341,345,1789724700016.567383,340,1789724700016.518555,640,480,640,480,23383.292283
342,346,1789724700083.196533,341,1789724700083.147705,640,480,640,480,23449.742700
343,347,1789724700149.824463,342,1789724700149.775391,640,480,640,480,23516.828064
344,348,1789724700216.450684,343,1789724700216.401855,640,480,640,480,23583.377700
345,349,1789724700283.076904,344,1789724700283.026855,640,480,640,480,23650.722439
346,350,1789724700349.700439,345,1789724700349.651611,640,480,640,480,23717.369002
347,351,1789724700416.324951,346,1789724700416.275879,640,480,640,480,23784.606814
348,352,1789724700482.963867,347,1789724700482.915039,640,480,640,480,23849.881137
349,353,1789724700549.601562,348,1789724700549.552490,640,480,640,480,23917.584158
350,354,1789724700616.237793,349,1789724700616.188721,640,480,640,480,23984.075876
351,355,1789724700682.872559,350,1789724700682.823486,640,480,640,480,24050.764731
352,356,1789724700749.505859,351,1789724700749.456787,640,480,640,480,24117.782804
353,357,1789724700816.138672,352,1789724700816.088867,640,480,640,480,24184.329522
354,358,1789724700882.769043,353,1789724700882.720215,640,480,640,480,24250.494314
355,359,1789724700949.398193,354,1789724700949.349121,640,480,640,480,24317.681866
356,360,1789724701016.025635,355,1789724701015.976807,640,480,640,480,24384.802699
357,361,1789724701082.651855,356,1789724701082.603027,640,480,640,480,24451.270043
358,362,1789724701149.276611,357,1789724701149.227539,640,480,640,480,24517.661293
359,363,1789724701215.899902,358,1789724701215.850830,640,480,640,480,24584.577230
360,364,1789724701282.521729,359,1789724701282.472656,640,480,640,480,24651.043532
361,365,1789724701349.143066,360,1789724701349.093262,640,480,640,480,24717.761814
362,366,1789724701415.763916,361,1789724701415.714844,640,480,640,480,24784.163585
363,367,1789724701482.406250,362,1789724701482.357422,640,480,640,480,24850.927334
364,368,1789724701549.047363,363,1789724701548.998535,640,480,640,480,24918.657439
365,369,1789724701615.687256,364,1789724701615.638184,640,480,640,480,24984.766449
366,370,1789724701682.325684,365,1789724701682.276611,640,480,640,480,25051.351918
367,371,1789724701748.962646,366,1789724701748.913818,640,480,640,480,25115.642543
368,372,1789724701815.598389,367,1789724701815.549561,640,480,640,480,25184.147491
369,373,1789724701882.233887,368,1789724701882.183838,640,480,640,480,25251.378376
370,374,1789724701948.866943,369,1789724701948.818115,640,480,640,480,25317.975043
371,375,1789724702015.498779,370,1789724702015.449707,640,480,640,480,25385.103063
372,376,1789724702082.129150,371,1789724702082.080078,640,480,640,480,25451.330251
373,377,1789724702148.758301,372,1789724702148.709229,640,480,640,480,25518.487595
374,378,1789724702215.385986,373,1789724702215.336914,640,480,640,480,25585.549261
375,379,1789724702282.012451,374,1789724702281.963379,640,480,640,480,25652.311657
376,380,1789724702348.637451,375,1789724702348.588379,640,480,640,480,25719.425199
377,381,1789724702415.263916,376,1789724702415.213867,640,480,640,480,25785.348376
378,382,1789724702481.907959,377,1789724702481.859131,640,480,640,480,25852.905563
379,383,1789724702548.550781,378,1789724702548.501953,640,480,640,480,25919.833011
380,384,1789724702615.192383,379,1789724702615.143311,640,480,640,480,25985.549105
381,385,1789724702681.832275,380,1789724702681.783447,640,480,640,480,26052.894053
382,386,1789724702748.471191,381,1789724702748.422119,640,480,640,480,26119.469157
383,387,1789724702815.108398,382,1789724702815.059570,640,480,640,480,26185.272386
384,388,1789724702881.744385,383,1789724702881.695557,640,480,640,480,26252.110563
385,389,1789724702948.380127,384,1789724702948.330078,640,480,640,480,26318.924105
386,390,1789724703015.013428,385,1789724703014.964355,640,480,640,480,26385.516188
387,391,1789724703081.645264,386,1789724703081.596191,640,480,640,480,26453.093428
388,392,1789724703148.275635,387,1789724703148.226807,640,480,640,480,26520.184782
389,393,1789724703214.904785,388,1789724703214.855957,640,480,640,480,26585.483271
390,394,1789724703281.532715,389,1789724703281.483643,640,480,640,480,26653.071657
391,395,1789724703348.158936,390,1789724703348.110107,640,480,640,480,26720.550094
392,396,1789724703414.785645,391,1789724703414.736572,640,480,640,480,26788.793636
393,397,1789724703481.427979,392,1789724703481.377930,640,480,640,480,26853.686500
394,398,1789724703548.067871,393,1789724703548.018799,640,480,640,480,26921.776292
395,399,1789724703614.706299,394,1789724703614.657471,640,480,640,480,26986.377177
396,400,1789724703681.343506,395,1789724703681.294434,640,480,640,480,27053.390511
397,401,1789724703747.979248,396,1789724703747.930176,640,480,640,480,27121.592594
398,402,1789724703814.613525,397,1789724703814.564697,640,480,640,480,27188.009104
399,403,1789724703881.246582,398,1789724703881.197510,640,480,640,480,27254.320354
400,404,1789724703947.877930,399,1789724703947.829102,640,480,640,480,27319.407021
401,405,1789724704014.509277,400,1789724704014.459229,640,480,640,480,27386.450198
402,406,1789724704081.137939,401,1789724704081.089111,640,480,640,480,27454.630719
403,407,1789724704147.765381,402,1789724704147.716553,640,480,640,480,27520.605250
404,408,1789724704214.391602,403,1789724704214.342529,640,480,640,480,27587.137386
405,409,1789724704281.016113,404,1789724704280.967285,640,480,640,480,27653.543531
406,410,1789724704347.639404,405,1789724704347.590576,640,480,640,480,27720.917177
407,411,1789724704414.262695,406,1789724704414.213867,640,480,640,480,27786.972698
408,412,1789724704480.910645,407,1789724704480.861572,640,480,640,480,27852.944573
409,413,1789724704547.558350,408,1789724704547.508301,640,480,640,480,27920.496083
410,414,1789724704614.203613,409,1789724704614.154785,640,480,640,480,27986.906344
411,415,1789724704680.847900,410,1789724704680.798828,640,480,640,480,28053.748635
412,416,1789724704747.490723,411,1789724704747.441895,640,480,640,480,28121.109312
413,417,1789724704814.132568,412,1789724704814.083740,640,480,640,480,28187.234989
414,418,1789724704880.773193,412,1789724704814.083740,640,480,640,480,28267.826552
415,419,1789724704947.412354,414,1789724704947.363525,640,480,640,480,28320.225614
416,420,1789724705014.050537,415,1789724705014.001465,640,480,640,480,28388.024104
417,421,1789724705080.688232,416,1789724705080.638428,640,480,640,480,28454.816812
418,422,1789724705147.323975,417,1789724705147.274902,640,480,640,480,28521.070146
419,423,1789724705213.958252,418,1789724705213.909424,640,480,640,480,28587.537229
420,424,1789724705280.591553,419,1789724705280.542480,640,480,640,480,28654.775250
421,425,1789724705347.223389,420,1789724705347.174561,640,480,640,480,28720.802906
422,426,1789724705413.855225,421,1789724705413.806396,640,480,640,480,28787.574260
423,427,1789724705480.515137,422,1789724705480.466064,640,480,640,480,28854.359416
424,428,1789724705547.173828,423,1789724705547.124756,640,480,640,480,28922.169520
425,429,1789724705613.832275,424,1789724705613.782227,640,480,640,480,28988.330979
426,430,1789724705680.488525,425,1789724705680.439697,640,480,640,480,29054.845822
427,431,1789724705747.143799,426,1789724705747.094971,640,480,640,480,29121.312906
428,432,1789724705813.797852,427,1789724705813.749023,640,480,640,480,29188.446395
429,433,1789724705880.450928,428,1789724705880.401855,640,480,640,480,29254.574052
430,434,1789724705947.102783,428,1789724705880.401855,640,480,640,480,29335.302749
431,435,1789724706013.753418,430,1789724706013.704346,640,480,640,480,29387.488322
432,436,1789724706080.402832,431,1789724706080.354004,640,480,640,480,29454.916656
433,437,1789724706147.052246,432,1789724706147.002441,640,480,640,480,29521.516812
434,438,1789724706213.699463,433,1789724706213.650635,640,480,640,480,29589.082645
435,439,1789724706280.345703,434,1789724706280.296875,640,480,640,480,29654.852228
436,440,1789724706346.990723,435,1789724706346.941650,640,480,640,480,29722.134833
437,441,1789724706413.635498,436,1789724706413.586426,640,480,640,480,29788.829468
438,442,1789724706480.287842,437,1789724706480.239014,640,480,640,480,29855.872697
439,443,1789724706546.939209,438,1789724706546.890381,640,480,640,480,29921.771499
440,444,1789724706613.589600,439,1789724706613.540527,640,480,640,480,29988.881603
441,445,1789724706680.239746,440,1789724706680.189697,640,480,640,480,30055.549572
442,446,1789724706746.887695,441,1789724706746.838867,640,480,640,480,30123.468426
443,447,1789724706813.534668,442,1789724706813.485840,640,480,640,480,30190.009207
444,448,1789724706880.180664,443,1789724706880.131592,640,480,640,480,30253.610874
445,449,1789724706946.825439,444,1789724706946.776367,640,480,640,480,30321.647905
446,450,1789724707013.468994,445,1789724707013.420166,640,480,640,480,30389.088322
447,451,1789724707080.111572,446,1789724707080.062744,640,480,640,480,30456.166499
448,452,1789724707146.753174,447,1789724707146.704346,640,480,640,480,30522.221395
449,453,1789724707213.394531,448,1789724707213.344727,640,480,640,480,30589.805457
450,454,1789724707280.033936,449,1789724707279.984863,640,480,640,480,30656.987801
451,455,1789724707346.672119,450,1789724707346.623291,640,480,640,480,30723.335822
452,456,1789724707413.310303,451,1789724707413.261230,640,480,640,480,30789.339103
453,457,1789724707479.954346,452,1789724707479.905518,640,480,640,480,30855.952853
454,458,1789724707546.597168,453,1789724707546.548340,640,480,640,480,30923.182072
455,459,1789724707613.238770,454,1789724707613.189697,640,480,640,480,30990.278009
456,460,1789724707679.878906,455,1789724707679.829834,640,480,640,480,31056.635509
457,461,1789724707746.518555,456,1789724707746.468750,640,480,640,480,31122.985197
458,462,1789724707813.156250,457,1789724707813.107178,640,480,640,480,31189.604780
459,463,1789724707879.792236,458,1789724707879.743408,640,480,640,480,31257.068895
460,464,1789724707946.427246,459,1789724707946.378174,640,480,640,480,31323.178686
461,465,1789724708013.060547,460,1789724708013.011719,640,480,640,480,31390.367697
462,466,1789724708079.692871,461,1789724708079.643799,640,480,640,480,31457.580509
463,467,1789724708146.323486,462,1789724708146.274658,640,480,640,480,31524.515717
464,468,1789724708212.953125,463,1789724708212.904053,640,480,640,480,31590.797644
465,469,1789724708279.582275,464,1789724708279.532227,640,480,640,480,31657.424780
466,470,1789724708346.208984,465,1789724708346.160156,640,480,640,480,31725.330249
467,471,1789724708412.835449,466,1789724708412.786377,640,480,640,480,31790.400561
468,472,1789724708479.482910,467,1789724708479.433838,640,480,640,480,31858.629311
469,473,1789724708546.129150,468,1789724708546.080078,640,480,640,480,31924.632540
470,474,1789724708612.773926,469,1789724708612.725098,640,480,640,480,31992.015717
471,475,1789724708679.417480,470,1789724708679.368652,640,480,640,480,32056.931394
472,476,1789724708746.059814,471,1789724708746.010986,640,480,640,480,32124.833894
473,477,1789724708812.701904,472,1789724708812.651855,640,480,640,480,32191.042123
474,478,1789724708879.341553,473,1789724708879.292725,640,480,640,480,32257.651811
475,479,1789724708945.980225,474,1789724708945.931152,640,480,640,480,32324.087488
476,480,1789724709012.617432,475,1789724709012.568359,640,480,640,480,32391.878425
477,481,1789724709079.253174,476,1789724709079.204346,640,480,640,480,32457.486707
478,482,1789724709145.887939,477,1789724709145.838867,640,480,640,480,32524.444154
479,483,1789724709212.521240,478,1789724709212.472412,640,480,640,480,32590.942904
480,484,1789724709279.153320,479,1789724709279.104492,640,480,640,480,32657.994779
481,485,1789724709345.785156,480,1789724709345.735107,640,480,640,480,32724.422384
482,486,1789724709412.415283,481,1789724709412.366455,640,480,640,480,32791.095665
483,487,1789724709479.062256,482,1789724709479.013428,640,480,640,480,32858.027852
484,488,1789724709545.708008,483,1789724709545.658936,640,480,640,480,32924.491029
485,489,1789724709612.352295,484,1789724709612.303467,640,480,640,480,32991.365821
486,490,1789724709678.995361,485,1789724709678.946533,640,480,640,480,33057.778894
487,491,1789724709745.637207,486,1789724709745.588135,640,480,640,480,33124.646654
488,492,1789724709812.277588,487,1789724709812.228760,640,480,640,480,33192.570873
489,493,1789724709878.917725,488,1789724709878.867920,640,480,640,480,33257.792852
490,494,1789724709945.555664,489,1789724709945.506592,640,480,640,480,33325.267696
491,495,1789724710012.192139,490,1789724710012.143311,640,480,640,480,33392.659675
492,496,1789724710078.827393,491,1789724710078.778320,640,480,640,480,33458.892592
493,497,1789724710145.461426,492,1789724710145.412354,640,480,640,480,33525.119831
494,498,1789724710212.093994,493,1789724710212.044922,640,480,640,480,33592.506967
495,499,1789724710278.725342,494,1789724710278.676270,640,480,640,480,33657.467383
496,500,1789724710345.355225,495,1789724710345.306396,640,480,640,480,33724.603112
497,501,1789724710411.985596,496,1789724710411.935791,640,480,640,480,33791.289519
498,502,1789724710478.629150,497,1789724710478.580078,640,480,640,480,33859.050977
499,503,1789724710545.270996,498,1789724710545.222168,640,480,640,480,33925.195456
500,504,1789724710611.911865,499,1789724710611.862793,640,480,640,480,33991.692175
501,505,1789724710678.551025,500,1789724710678.502197,640,480,640,480,34058.628008
502,506,1789724710745.189209,501,1789724710745.140137,640,480,640,480,34125.828581
503,507,1789724710811.825684,502,1789724710811.776855,640,480,640,480,34192.130508
504,508,1789724710878.460938,503,1789724710878.412109,640,480,640,480,34258.705091
505,509,1789724710945.095947,504,1789724710945.046143,640,480,640,480,34325.523841
506,510,1789724711011.728516,505,1789724711011.679688,640,480,640,480,34392.459987
507,511,1789724711078.359863,506,1789724711078.310791,640,480,640,480,34459.334987
508,512,1789724711144.989746,507,1789724711144.940674,640,480,640,480,34525.698164
509,513,1789724711211.618164,508,1789724711211.569336,640,480,640,480,34592.306341
510,514,1789724711278.245361,509,1789724711278.196533,640,480,640,480,34661.136393
511,515,1789724711344.871094,510,1789724711344.822266,640,480,640,480,34725.792799
512,516,1789724711411.496338,511,1789724711411.447266,640,480,640,480,34792.396862
513,517,1789724711478.139160,512,1789724711478.089111,640,480,640,480,34858.723997
514,518,1789724711544.779541,513,1789724711544.730713,640,480,640,480,34926.556341
515,519,1789724711611.418701,514,1789724711611.369873,640,480,640,480,34992.564831
516,520,1789724711678.056396,515,1789724711678.007568,640,480,640,480,35059.866237
517,521,1789724711744.692627,516,1789724711744.643799,640,480,640,480,35126.194622
518,522,1789724711811.327637,517,1789724711811.278809,640,480,640,480,35193.351862
519,523,1789724711877.961182,518,1789724711877.912354,640,480,640,480,35259.650247
520,524,1789724711944.593262,519,1789724711944.544434,640,480,640,480,35325.738476
521,525,1789724712011.225098,520,1789724712011.175293,640,480,640,480,35390.628633
522,526,1789724712077.854492,521,1789724712077.805664,640,480,640,480,35459.263060
523,527,1789724712144.482422,522,1789724712144.433594,640,480,640,480,35527.409362
524,528,1789724712211.109131,523,1789724712211.060059,640,480,640,480,35593.491705
525,529,1789724712277.734375,524,1789724712277.685303,640,480,640,480,35659.617174
526,530,1789724712344.358154,525,1789724712344.309082,640,480,640,480,35726.350507
527,531,1789724712410.980957,526,1789724712410.931885,640,480,640,480,35792.859205
528,532,1789724712477.624023,527,1789724712477.575195,640,480,640,480,35859.779987
529,533,1789724712544.266602,528,1789724712544.216797,640,480,640,480,35926.766080
530,534,1789724712610.906982,529,1789724712610.858154,640,480,640,480,35994.346549
531,535,1789724712677.545898,530,1789724712677.497070,640,480,640,480,36060.482070
532,536,1789724712744.183594,531,1789724712744.134766,640,480,640,480,36127.521966
533,537,1789724712810.819824,532,1789724712810.770752,640,480,640,480,36195.409830
534,538,1789724712877.454590,533,1789724712877.405762,640,480,640,480,36261.249622
535,539,1789724712944.088135,534,1789724712944.039062,640,480,640,480,36329.526236
536,540,1789724713010.720215,535,1789724713010.671143,640,480,640,480,36393.995403
537,541,1789724713077.351807,536,1789724713077.302002,640,480,640,480,36460.588476
538,542,1789724713143.981201,537,1789724713143.932373,640,480,640,480,36528.815715
539,543,1789724713210.609131,538,1789724713210.560303,640,480,640,480,36594.051809
540,544,1789724713277.235840,539,1789724713277.186768,640,480,640,480,36661.899257
541,545,1789724713343.860840,540,1789724713343.812012,640,480,640,480,36728.341705
542,546,1789724713410.485107,541,1789724713410.436035,640,480,640,480,36794.284413
543,547,1789724713477.551270,542,1789724713477.502197,640,480,640,480,36861.044413
544,548,1789724713544.627441,543,1789724713544.578369,640,480,640,480,36928.026653
545,549,1789724713611.714600,544,1789724713611.664307,640,480,640,480,36994.413528
546,550,1789724713678.810547,545,1789724713678.761230,640,480,640,480,37061.262538
547,551,1789724713745.916260,546,1789724713745.866943,640,480,640,480,37128.787538
548,552,1789724713813.031982,547,1789724713812.982666,640,480,640,480,37194.615976
549,553,1789724713880.157471,548,1789724713880.108154,640,480,640,480,37261.597069
550,554,1789724713947.292725,549,1789724713947.243408,640,480,640,480,37327.507173
551,555,1789724714014.437988,550,1789724714014.388672,640,480,640,480,37394.227486
552,556,1789724714081.593262,551,1789724714081.543945,640,480,640,480,37462.726809
553,557,1789724714148.759277,552,1789724714148.708740,640,480,640,480,37528.450663
554,558,1789724714215.934082,553,1789724714215.884766,640,480,640,480,37594.952850
555,559,1789724714283.118652,554,1789724714283.069336,640,480,640,480,37661.932955
556,560,1789724714350.313232,555,1789724714350.263916,640,480,640,480,37729.024882
557,561,1789724714417.511230,556,1789724714417.462402,640,480,640,480,37795.176600
558,562,1789724714484.232178,557,1789724714484.183105,640,480,640,480,37861.981757
559,563,1789724714550.953125,558,1789724714550.904053,640,480,640,480,37928.976288
560,564,1789724714617.673828,559,1789724714617.625000,640,480,640,480,37994.890663
561,565,1789724714684.395752,560,1789724714684.345947,640,480,640,480,38061.830975
562,566,1789724714751.116699,561,1789724714751.067871,640,480,640,480,38129.169465
563,567,1789724714817.837891,562,1789724714817.788818,640,480,640,480,38195.117642
564,568,1789724714884.558838,563,1789724714884.509766,640,480,640,480,38261.922538
565,569,1789724714951.279785,564,1789724714951.230957,640,480,640,480,38328.740975
566,570,1789724715018.000977,565,1789724715017.951904,640,480,640,480,38394.887329
567,571,1789724715084.722168,566,1789724715084.673096,640,480,640,480,38462.343006
568,572,1789724715151.443359,567,1789724715151.394287,640,480,640,480,38529.087694
569,573,1789724715218.165527,568,1789724715218.115479,640,480,640,480,38595.664465
570,574,1789724715284.886963,569,1789724715284.837891,640,480,640,480,38663.241913
571,575,1789724715351.608154,570,1789724715351.559082,640,480,640,480,38729.684413
572,576,1789724715418.329590,571,1789724715418.280518,640,480,640,480,38795.368319
573,577,1789724715485.046631,572,1789724715484.997559,640,480,640,480,38862.119204
574,578,1789724715551.763672,573,1789724715551.714600,640,480,640,480,38929.990402
575,579,1789724715618.480469,574,1789724715618.431641,640,480,640,480,38995.912485
576,580,1789724715685.197510,575,1789724715685.148438,640,480,640,480,39062.678058
577,581,1789724715751.915283,576,1789724715751.865479,640,480,640,480,39129.316964
578,582,1789724715818.632324,577,1789724715818.583252,640,480,640,480,39195.285298
579,583,1789724715885.349121,578,1789724715885.300049,640,480,640,480,39263.323527
580,584,1789724715952.065674,579,1789724715952.016846,640,480,640,480,39329.153162
581,585,1789724716018.782471,580,1789724716018.733398,640,480,640,480,39396.120037
582,586,1789724716085.499023,581,1789724716085.450195,640,480,640,480,39462.679100
583,587,1789724716152.215820,582,1789724716152.166748,640,480,640,480,39529.796860
584,588,1789724716218.932373,583,1789724716218.883301,640,480,640,480,39595.982329
585,589,1789724716285.649902,584,1789724716285.599854,640,480,640,480,39664.580141
586,590,1789724716352.366211,585,1789724716352.317383,640,480,640,480,39729.508006
587,591,1789724716419.082764,586,1789724716419.033691,640,480,640,480,39796.902902
588,592,1789724716485.798340,587,1789724716485.749512,640,480,640,480,39863.023943
589,593,1789724716552.514160,588,1789724716552.465088,640,480,640,480,39930.969933
590,594,1789724716619.229736,589,1789724716619.180664,640,480,640,480,39993.789412
591,595,1789724716685.945068,590,1789724716685.896240,640,480,640,480,40064.078631
592,596,1789724716752.660645,591,1789724716752.611572,640,480,640,480,40130.924516
593,597,1789724716819.376953,592,1789724716819.326904,640,480,640,480,40197.279047
594,598,1789724716886.092285,593,1789724716886.043213,640,480,640,480,40263.166339
595,599,1789724716952.807617,594,1789724716952.758545,640,480,640,480,40331.055297
596,600,1789724717019.522705,595,1789724717019.473633,640,480,640,480,40396.985089
597,601,1789724717086.237793,596,1789724717086.188721,640,480,640,480,40462.923735
598,602,1789724717152.952881,597,1789724717152.903809,640,480,640,480,40528.035089
599,603,1789724717219.667725,598,1789724717219.618896,640,480,640,480,40596.463891
600,604,1789724717286.382812,599,1789724717286.333740,640,480,640,480,40664.952016
601,605,1789724717353.098633,600,1789724717353.048584,640,480,640,480,40730.372172
602,606,1789724717419.813477,601,1789724717419.764404,640,480,640,480,40798.534620
603,607,1789724717486.532959,602,1789724717486.483398,640,480,640,480,40865.664464
604,608,1789724717554.027832,603,1789724717553.978271,640,480,640,480,40931.597693
605,609,1789724717621.532959,604,1789724717621.483398,640,480,640,480,40999.689412
606,610,1789724717689.047852,605,1789724717688.998291,640,480,640,480,41064.914516
607,611,1789724717756.572510,606,1789724717756.522949,640,480,640,480,41130.688110
608,612,1789724717824.107422,607,1789724717824.057861,640,480,640,480,41199.746235
609,613,1789724717891.653076,608,1789724717891.602295,640,480,640,480,41265.102849
610,614,1789724717959.207520,609,1789724717959.157959,640,480,640,480,41332.454568
611,615,1789724718026.772217,610,1789724718026.722412,640,480,640,480,41398.082120
612,616,1789724718094.346436,611,1789724718094.296875,640,480,640,480,41464.451234
613,617,1789724718161.930908,612,1789724718161.881348,640,480,640,480,41531.453422
614,618,1789724718229.525146,613,1789724718229.475586,640,480,640,480,41598.204047
615,619,1789724718297.129395,614,1789724718297.079590,640,480,640,480,41665.329359
616,620,1789724718364.743408,615,1789724718364.693848,640,480,640,480,41732.160609
617,621,1789724718432.368652,616,1789724718432.317871,640,480,640,480,41797.711286
618,622,1789724718499.990723,617,1789724718499.941650,640,480,640,480,41865.303318
619,623,1789724718566.634277,618,1789724718566.585205,640,480,640,480,41931.662484
620,624,1789724718633.276367,619,1789724718633.227539,640,480,640,480,41998.521234
621,625,1789724718699.917236,620,1789724718699.868408,640,480,640,480,42064.968786
622,626,1789724718766.556885,621,1789724718766.508057,640,480,640,480,42132.828213
623,627,1789724718833.195068,622,1789724718833.146240,640,480,640,480,42196.396078
624,628,1789724718899.832031,623,1789724718899.783203,640,480,640,480,42266.256599
625,629,1789724718966.468750,624,1789724718966.418701,640,480,640,480,42331.838057
626,630,1789724719033.103027,625,1789724719033.053955,640,480,640,480,42398.869099
627,631,1789724719099.735840,626,1789724719099.687012,640,480,640,480,42465.946651
628,632,1789724719166.367432,627,1789724719166.318604,640,480,640,480,42533.031807
629,633,1789724719232.997803,628,1789724719232.948730,640,480,640,480,42599.289984
630,634,1789724719299.626709,629,1789724719299.577881,640,480,640,480,42666.155140
631,635,1789724719366.254395,630,1789724719366.205322,640,480,640,480,42732.194671
632,636,1789724719432.880615,631,1789724719432.831787,640,480,640,480,42800.559515
633,637,1789724719499.508789,632,1789724719499.458740,640,480,640,480,42865.526338
634,638,1789724719566.148682,633,1789724719566.099609,640,480,640,480,42932.820140
635,639,1789724719632.787109,634,1789724719632.738037,640,480,640,480,42999.102640
636,640,1789724719699.424072,635,1789724719699.375244,640,480,640,480,43066.128942
637,641,1789724719766.059814,636,1789724719766.010986,640,480,640,480,43132.637223
638,642,1789724719832.694092,637,1789724719832.645264,640,480,640,480,43199.117744
639,643,1789724719899.326904,638,1789724719899.278076,640,480,640,480,43266.094775
640,644,1789724719965.958496,639,1789724719965.909424,640,480,640,480,43333.023317
641,645,1789724720032.589600,640,1789724720032.539551,640,480,640,480,43399.800661
642,646,1789724720099.218262,641,1789724720099.169189,640,480,640,480,43466.008525
643,647,1789724720165.845459,642,1789724720165.796631,640,480,640,480,43533.206182
644,648,1789724720232.471191,643,1789724720232.422363,640,480,640,480,43599.912327
645,649,1789724720299.095703,644,1789724720299.046875,640,480,640,480,43666.946650
646,650,1789724720365.718750,645,1789724720365.669922,640,480,640,480,43732.919567
647,651,1789724720432.340332,646,1789724720432.291504,640,480,640,480,43799.537171
648,652,1789724720498.962891,647,1789724720498.913818,640,480,640,480,43866.933473
649,653,1789724720565.737061,648,1789724720565.686523,640,480,640,480,43933.365452
650,654,1789724720633.158447,649,1789724720633.109131,640,480,640,480,43999.652067
651,655,1789724720700.588623,650,1789724720700.539062,640,480,640,480,44067.690765
652,656,1789724720768.027100,651,1789724720767.977539,640,480,640,480,44133.093213
653,657,1789724720835.474365,652,1789724720835.424805,640,480,640,480,44199.639983
654,658,1789724720902.930176,653,1789724720902.880615,640,480,640,480,44266.495400
655,659,1789724720970.394531,654,1789724720970.344971,640,480,640,480,44334.336494
656,660,1789724721037.867432,655,1789724721037.817871,640,480,640,480,44400.560192
657,661,1789724721105.349854,656,1789724721105.299316,640,480,640,480,44466.645400
658,662,1789724721172.840088,657,1789724721172.790527,640,480,640,480,44533.531650
659,663,1789724721240.338623,658,1789724721240.289062,640,480,640,480,44600.612796
660,664,1789724721307.845947,659,1789724721307.796387,640,480,640,480,44667.149306
661,665,1789724721375.361816,660,1789724721375.312256,640,480,640,480,44734.440973
662,666,1789724721442.886230,661,1789724721442.836670,640,480,640,480,44800.634202
663,667,1789724721510.419189,662,1789724721510.369629,640,480,640,480,44867.393941
664,668,1789724721577.950928,663,1789724721577.901855,640,480,640,480,44935.016754
665,669,1789724721644.522949,664,1789724721644.473145,640,480,640,480,45001.484723
666,670,1789724721711.091553,665,1789724721711.042725,640,480,640,480,45067.011806
667,671,1789724721777.657715,666,1789724721777.608887,640,480,640,480,45135.263577
668,672,1789724721844.221436,667,1789724721844.172363,640,480,640,480,45201.595973
669,673,1789724721910.782471,668,1789724721910.733643,640,480,640,480,45268.064670
670,674,1789724721977.341064,669,1789724721977.291992,640,480,640,480,45334.938473
671,675,1789724722043.896973,670,1789724722043.848145,640,480,640,480,45401.205035
672,676,1789724722110.450684,671,1789724722110.401855,640,480,640,480,45467.355087
673,677,1789724722177.002686,672,1789724722176.952881,640,480,640,480,45534.694097
674,678,1789724722243.551270,673,1789724722243.502441,640,480,640,480,45599.494566
675,679,1789724722310.097168,674,1789724722310.048340,640,480,640,480,45665.547587
676,680,1789724722376.640625,675,1789724722376.591797,640,480,640,480,45737.628889
677,681,1789724722443.181641,676,1789724722443.132812,640,480,640,480,45802.240608
678,682,1789724722509.720215,677,1789724722509.671387,640,480,640,480,45868.554306
679,683,1789724722576.260010,678,1789724722576.211182,640,480,640,480,45936.618629
680,684,1789724722642.824463,679,1789724722642.775635,640,480,640,480,46002.278993
681,685,1789724722709.387451,680,1789724722709.337646,640,480,640,480,46068.649097
682,686,1789724722775.946777,681,1789724722775.897705,640,480,640,480,46135.469774
683,687,1789724722842.503174,682,1789724722842.454346,640,480,640,480,46200.138837
684,688,1789724722909.056885,683,1789724722909.008057,640,480,640,480,46268.845139
685,689,1789724722975.608154,684,1789724722975.559326,640,480,640,480,46335.517535
686,690,1789724723042.156494,685,1789724723042.107666,640,480,640,480,46402.148212
687,691,1789724723108.702148,686,1789724723108.653320,640,480,640,480,46469.510555
688,692,1789724723175.245117,686,1789724723108.653320,640,480,640,480,46550.924357
689,693,1789724723241.786377,688,1789724723241.736572,640,480,640,480,46601.939826
690,694,1789724723308.323975,689,1789724723308.275146,640,480,640,480,46668.778993
691,695,1789724723374.858643,690,1789724723374.809814,640,480,640,480,46735.226024
692,696,1789724723441.390869,691,1789724723441.342041,640,480,640,480,46803.749409
693,697,1789724723507.920410,692,1789724723507.871582,640,480,640,480,46868.971962
694,698,1789724723574.450684,693,1789724723574.401855,640,480,640,480,46936.217639
695,699,1789724723641.018555,694,1789724723640.969727,640,480,640,480,47002.893524
696,700,1789724723707.583984,695,1789724723707.534912,640,480,640,480,47069.369930
697,701,1789724723774.147461,696,1789724723774.097656,640,480,640,480,47135.789982
698,702,1789724723840.707520,697,1789724723840.658691,640,480,640,480,47203.431649
699,703,1789724723907.264893,698,1789724723907.215820,640,480,640,480,47268.589149
700,704,1789724723973.819336,699,1789724723973.770508,640,480,640,480,47335.775555
701,705,1789724724040.371338,700,1789724724040.322510,640,480,640,480,47402.249097
702,706,1789724724106.920654,701,1789724724106.871826,640,480,640,480,47470.073211
703,707,1789724724173.467285,702,1789724724173.418457,640,480,640,480,47536.383263
704,708,1789724724240.011475,703,1789724724239.962402,640,480,640,480,47603.332013
705,709,1789724724306.553711,704,1789724724306.503906,640,480,640,480,47669.564930
706,710,1789724724373.092285,705,1789724724373.043457,640,480,640,480,47736.304565
707,711,1789724724439.628418,706,1789724724439.579590,640,480,640,480,47803.440555
708,712,1789724724506.161865,707,1789724724506.112793,640,480,640,480,47869.909982
709,713,1789724724572.695801,708,1789724724572.646973,640,480,640,480,47936.041232
710,714,1789724724639.266357,709,1789724724639.217285,640,480,640,480,48003.567586
711,715,1789724724705.834229,710,1789724724705.785400,640,480,640,480,48069.712586
712,716,1789724724772.399414,711,1789724724772.350586,640,480,640,480,48136.408159
713,717,1789724724838.963135,712,1789724724838.913330,640,480,640,480,48202.945034
714,718,1789724724905.523193,713,1789724724905.474365,640,480,640,480,48270.541284
715,719,1789724724972.080811,714,1789724724972.031982,640,480,640,480,48336.202638
716,720,1789724725038.635498,715,1789724725038.586670,640,480,640,480,48403.391180
717,721,1789724725105.187744,716,1789724725105.138916,640,480,640,480,48470.027846
718,722,1789724725171.737549,717,1789724725171.688721,640,480,640,480,48538.253732
719,723,1789724725238.284424,718,1789724725238.235596,640,480,640,480,48604.127690
720,724,1789724725304.828857,719,1789724725304.780029,640,480,640,480,48669.959617
721,725,1789724725371.371826,720,1789724725371.322021,640,480,640,480,48737.183888
722,726,1789724725437.910889,721,1789724725437.862061,640,480,640,480,48805.515450
723,727,1789724725504.447510,722,1789724725504.398682,640,480,640,480,48870.107377
724,728,1789724725570.984619,723,1789724725570.935791,640,480,640,480,48937.213263
725,729,1789724725637.587402,724,1789724725637.538574,640,480,640,480,49003.925242
726,730,1789724725704.188232,725,1789724725704.139404,640,480,640,480,49070.082690
727,731,1789724725770.786865,726,1789724725770.737793,640,480,640,480,49137.533002
728,732,1789724725837.383057,727,1789724725837.334229,640,480,640,480,49203.620502
729,733,1789724725903.978271,728,1789724725903.928467,640,480,640,480,49271.304981
730,734,1789724725970.570312,729,1789724725970.521240,640,480,640,480,49338.191596
731,735,1789724726037.159912,730,1789724726037.111084,640,480,640,480,49403.732586
732,736,1789724726103.747559,731,1789724726103.698730,640,480,640,480,49472.393471
733,737,1789724726170.333008,732,1789724726170.283936,640,480,640,480,49537.955606
734,738,1789724726236.916016,733,1789724726236.867188,640,480,640,480,49604.254513
735,739,1789724726303.497070,734,1789724726303.448242,640,480,640,480,49671.138419
736,740,1789724726370.075928,735,1789724726370.027100,640,480,640,480,49738.471283
737,741,1789724726436.653564,736,1789724726436.603516,640,480,640,480,49805.170658
738,742,1789724726503.228027,737,1789724726503.178955,640,480,640,480,49871.116387
739,743,1789724726569.802490,738,1789724726569.753418,640,480,640,480,49941.270085
740,744,1789724726636.368896,739,1789724726636.320068,640,480,640,480,50005.190085
741,745,1789724726702.932861,740,1789724726702.883789,640,480,640,480,50072.078731
742,746,1789724726769.493896,741,1789724726769.445068,640,480,640,480,50138.160189
743,747,1789724726836.052246,742,1789724726836.003418,640,480,640,480,50205.318106
744,748,1789724726902.608154,743,1789724726902.559082,640,480,640,480,50271.915919
745,749,1789724726969.162109,744,1789724726969.112305,640,480,640,480,50338.668210
746,750,1789724727035.712402,745,1789724727035.663574,640,480,640,480,50408.845241
747,751,1789724727102.260010,746,1789724727102.211182,640,480,640,480,50472.254877
748,752,1789724727168.805176,747,1789724727168.756104,640,480,640,480,50538.940554
749,753,1789724727235.347412,748,1789724727235.298584,640,480,640,480,50607.136804
750,754,1789724727301.886963,749,1789724727301.838135,640,480,640,480,50672.326804
751,755,1789724727368.423828,750,1789724727368.375000,640,480,640,480,50737.028627
752,756,1789724727434.958008,751,1789724727434.909180,640,480,640,480,50805.156075
753,757,1789724727501.490479,752,1789724727501.440674,640,480,640,480,50871.440814
754,758,1789724727568.021729,753,1789724727567.972900,640,480,640,480,50939.756283
755,759,1789724727634.589355,754,1789724727634.540527,640,480,640,480,51006.168262
756,760,1789724727701.154297,755,1789724727701.105469,640,480,640,480,51072.661022
757,761,1789724727767.716553,756,1789724727767.667480,640,480,640,480,51139.186179
758,762,1789724727834.275879,757,1789724727834.227051,640,480,640,480,51206.092897
759,763,1789724727900.832764,758,1789724727900.783936,640,480,640,480,51271.589876
760,764,1789724727967.386963,759,1789724727967.338135,640,480,640,480,51338.874304
761,765,1789724728033.939453,760,1789724728033.889404,640,480,640,480,51405.826595
762,766,1789724728100.488037,761,1789724728100.439209,640,480,640,480,51472.640762
763,767,1789724728167.034180,762,1789724728166.985352,640,480,640,480,51539.617481
764,768,1789724728233.577637,763,1789724728233.528564,640,480,640,480,51606.262272
765,769,1789724728300.118164,764,1789724728300.069336,640,480,640,480,51672.961908
766,770,1789724728366.656250,765,1789724728366.607422,640,480,640,480,51739.269876
767,771,1789724728433.191650,766,1789724728433.142578,640,480,640,480,51806.241335
768,772,1789724728499.724121,767,1789724728499.675293,640,480,640,480,51873.141439
769,773,1789724728566.257324,768,1789724728566.207520,640,480,640,480,51940.284876
770,774,1789724728632.824219,769,1789724728632.775391,640,480,640,480,52006.470710
771,775,1789724728699.388428,770,1789724728699.339600,640,480,640,480,52072.980293
772,776,1789724728765.949951,771,1789724728765.901123,640,480,640,480,52139.847689
773,777,1789724728832.508789,772,1789724728832.459961,640,480,640,480,52206.888157
774,778,1789724728899.064941,773,1789724728899.016113,640,480,640,480,52273.495293
775,779,1789724728965.618408,774,1789724728965.569580,640,480,640,480,52340.047376
776,780,1789724729032.169189,775,1789724729032.120361,640,480,640,480,52407.392064
777,781,1789724729098.718262,776,1789724729098.668213,640,480,640,480,52473.246803
778,782,1789724729165.263428,777,1789724729165.214600,640,480,640,480,52539.585918
779,783,1789724729231.806152,778,1789724729231.757324,640,480,640,480,52606.232688
780,784,1789724729298.346191,779,1789724729298.297363,640,480,640,480,52673.163626
781,785,1789724729364.883545,780,1789724729364.834717,640,480,640,480,52740.563157
782,786,1789724729431.417969,781,1789724729431.369141,640,480,640,480,52806.509303
783,787,1789724729497.949951,782,1789724729497.901123,640,480,640,480,52873.302376
784,788,1789724729564.481201,783,1789724729564.432373,640,480,640,480,52940.075605
785,789,1789724729631.054199,784,1789724729631.004395,640,480,640,480,53006.342740
786,790,1789724729697.623535,785,1789724729697.574707,640,480,640,480,53073.740397
787,791,1789724729764.190430,786,1789724729764.141602,640,480,640,480,53141.719980
788,792,1789724729830.754639,787,1789724729830.705811,640,480,640,480,53206.743886
789,793,1789724729897.316162,788,1789724729897.267334,640,480,640,480,53274.546386
790,794,1789724729963.875000,789,1789724729963.826172,640,480,640,480,53337.640553
791,795,1789724730030.431396,790,1789724730030.382568,640,480,640,480,53404.434147
792,796,1789724730096.985107,791,1789724730096.936279,640,480,640,480,53471.510240
793,797,1789724730163.537109,792,1789724730163.487305,640,480,640,480,53538.073469
794,798,1789724730230.085693,793,1789724730230.036865,640,480,640,480,53604.741699
795,799,1789724730296.631348,794,1789724730296.582520,640,480,640,480,53671.738573
796,800,1789724730363.174805,795,1789724730363.125732,640,480,640,480,53738.564719
797,801,1789724730429.715332,796,1789724730429.666504,640,480,640,480,53804.981126
798,802,1789724730496.253418,797,1789724730496.204346,640,480,640,480,53871.924459
799,803,1789724730562.790527,798,1789724730562.741455,640,480,640,480,53938.668782
800,804,1789724730629.355469,799,1789724730629.306396,640,480,640,480,54005.349407
801,805,1789724730695.918701,800,1789724730695.868652,640,480,640,480,54072.155917
802,806,1789724730762.478027,801,1789724730762.429199,640,480,640,480,54139.374771
803,807,1789724730829.034912,802,1789724730828.986084,640,480,640,480,54204.798834
804,808,1789724730895.588867,803,1789724730895.540039,640,480,640,480,54274.296282
805,809,1789724730962.140381,804,1789724730962.091309,640,480,640,480,54350.322271
806,810,1789724731028.688965,805,1789724731028.639893,640,480,640,480,54405.672063
807,811,1789724731095.234863,806,1789724731095.185791,640,480,640,480,54475.531282
808,812,1789724731161.777832,807,1789724731161.729004,640,480,640,480,54538.848365
809,813,1789724731228.319336,808,1789724731228.269531,640,480,640,480,54606.981646
810,814,1789724731294.856934,809,1789724731294.808105,640,480,640,480,54672.320761
811,815,1789724731361.392090,810,1789724731361.343262,640,480,640,480,54738.517115
812,816,1789724731427.924316,811,1789724731427.875488,640,480,640,480,54805.522375
813,817,1789724731494.453857,812,1789724731494.405029,640,480,640,480,54872.279458
814,818,1789724731560.982178,813,1789724731560.933350,640,480,640,480,54939.235344
815,819,1789724731627.624268,814,1789724731627.574951,640,480,640,480,55006.068781
816,820,1789724731694.951904,815,1789724731694.902588,640,480,640,480,55072.634250
817,821,1789724731762.287598,816,1789724731762.237061,640,480,640,480,55139.574198
818,822,1789724731829.629150,817,1789724731829.579590,640,480,640,480,55208.248625
819,823,1789724731896.977539,818,1789724731896.928223,640,480,640,480,55272.995083
820,824,1789724731964.333252,819,1789724731964.283691,640,480,640,480,55340.260083
821,825,1789724732031.695557,820,1789724732031.646240,640,480,640,480,55407.099198
822,826,1789724732099.065186,821,1789724732099.015625,640,480,640,480,55473.067167
823,827,1789724732166.441650,822,1789724732166.392090,640,480,640,480,55539.807844
824,828,1789724732233.825195,823,1789724732233.775635,640,480,640,480,55606.817687
825,829,1789724732301.216553,824,1789724732301.166016,640,480,640,480,55673.090916
826,830,1789724732368.614014,825,1789724732368.564453,640,480,640,480,55741.401750
827,831,1789724732436.018311,826,1789724732435.968994,640,480,640,480,55807.898521
828,832,1789724732503.429688,827,1789724732503.380371,640,480,640,480,55874.079718
829,833,1789724732570.848145,828,1789724732570.798584,640,480,640,480,55941.146125
830,834,1789724732638.263184,829,1789724732638.214355,640,480,640,480,56006.616750
831,835,1789724732704.750000,830,1789724732704.701172,640,480,640,480,56077.387948
832,836,1789724732771.232910,831,1789724732771.184082,640,480,640,480,56141.328000
833,837,1789724732837.712646,832,1789724732837.662842,640,480,640,480,56209.100291
834,838,1789724732904.187256,833,1789724732904.138428,640,480,640,480,56284.737947
835,839,1789724732970.657959,834,1789724732970.609131,640,480,640,480,56341.198468
836,840,1789724733037.124512,835,1789724733037.075684,640,480,640,480,56407.874979
837,841,1789724733103.586914,836,1789724733103.538086,640,480,640,480,56474.932375
838,842,1789724733170.045166,837,1789724733169.996338,640,480,640,480,56540.999510
839,843,1789724733236.499512,838,1789724733236.450684,640,480,640,480,56606.858364
840,844,1789724733302.949707,839,1789724733302.900879,640,480,640,480,56675.132687
841,845,1789724733369.396729,840,1789724733369.346924,640,480,640,480,56739.999822
842,846,1789724733435.838867,841,1789724733435.790039,640,480,640,480,56806.715291
843,847,1789724733502.276611,842,1789724733502.228027,640,480,640,480,56875.336385
844,848,1789724733568.710693,843,1789724733568.661865,640,480,640,480,56943.187166
845,849,1789724733635.143799,844,1789724733635.094727,640,480,640,480,57009.708833
846,850,1789724733702.065430,845,1789724733702.016113,640,480,640,480,57074.186333
847,851,1789724733768.994141,846,1789724733768.945068,640,480,640,480,57142.068624
848,852,1789724733835.930420,847,1789724733835.881104,640,480,640,480,57209.013468
849,853,1789724733902.874756,848,1789724733902.824463,640,480,640,480,57275.544353
850,854,1789724733969.825439,849,1789724733969.776123,640,480,640,480,57342.139874
851,855,1789724734036.783203,850,1789724734036.734131,640,480,640,480,57409.026905
852,856,1789724734103.748291,851,1789724734103.699219,640,480,640,480,57475.546905
853,857,1789724734170.720947,852,1789724734170.671631,640,480,640,480,57542.293989
854,858,1789724734237.700684,853,1789724734237.651367,640,480,640,480,57609.185499
855,859,1789724734304.687500,853,1789724734237.651367,640,480,640,480,57690.002843
856,860,1789724734371.681885,855,1789724734371.632568,640,480,640,480,57742.243103
857,861,1789724734438.684326,856,1789724734438.634033,640,480,640,480,57809.090030
858,862,1789724734505.693115,857,1789724734505.643799,640,480,640,480,57876.133728
859,863,1789724734572.709229,858,1789724734572.659912,640,480,640,480,57942.786801
860,864,1789724734639.728027,859,1789724734639.679199,640,480,640,480,58012.254614
861,865,1789724734706.293945,860,1789724734706.245117,640,480,640,480,58076.074978
862,866,1789724734772.857178,861,1789724734772.808350,640,480,640,480,58144.858624
863,867,1789724734839.417725,862,1789724734839.368896,640,480,640,480,58208.503728
864,868,1789724734905.975586,863,1789724734905.926758,640,480,640,480,58277.088415
865,869,1789724734972.531738,864,1789724734972.481934,640,480,640,480,58343.593103
866,870,1789724735039.084229,865,1789724735039.035400,640,480,640,480,58409.781176
867,871,1789724735105.634033,866,1789724735105.585205,640,480,640,480,58476.538780
868,872,1789724735172.181152,867,1789724735172.132324,640,480,640,480,58543.318936
869,873,1789724735238.725586,868,1789724735238.676758,640,480,640,480,58608.969040
870,874,1789724735305.267334,869,1789724735305.218506,640,480,640,480,58676.763363
871,875,1789724735371.806396,870,1789724735371.757568,640,480,640,480,58742.320394
872,876,1789724735438.342773,871,1789724735438.293945,640,480,640,480,58810.179092
873,877,1789724735504.877441,872,1789724735504.827637,640,480,640,480,58877.071176
874,878,1789724735571.408447,873,1789724735571.359619,640,480,640,480,58942.791176
875,879,1789724735637.938965,874,1789724735637.890137,640,480,640,480,59011.050446
876,880,1789724735704.506104,875,1789724735704.457275,640,480,640,480,59076.213415
877,881,1789724735771.070557,876,1789724735771.021729,640,480,640,480,59142.825082
878,882,1789724735837.632324,877,1789724735837.583496,640,480,640,480,59210.060290
879,883,1789724735904.191406,878,1789724735904.142578,640,480,640,480,59276.086384
880,884,1789724735970.747803,879,1789724735970.698975,640,480,640,480,59343.265238
881,885,1789724736037.302490,880,1789724736037.252441,640,480,640,480,59409.495655
882,886,1789724736103.853516,881,1789724736103.804443,640,480,640,480,59477.405030
883,887,1789724736170.401611,882,1789724736170.352783,640,480,640,480,59543.249561
884,888,1789724736236.947266,883,1789724736236.898438,640,480,640,480,59610.061175
885,889,1789724736303.490234,884,1789724736303.441406,640,480,640,480,59678.182686
886,890,1789724736370.030518,885,1789724736369.981689,640,480,640,480,59743.331852
887,891,1789724736436.568115,886,1789724736436.519287,640,480,640,480,59809.853936
888,892,1789724736503.102783,887,1789724736503.053955,640,480,640,480,59876.634561
889,893,1789724736569.635986,888,1789724736569.586182,640,480,640,480,59944.459613
